,filename,title,author,task 1,task 2,task 3,github,stars
0,Beery_Context_R-CNN_Long_Term_Temporal_Context_for_Per-Camera_Object_Detection_CVPR_2020_paper,Context R-CNN: Long Term Temporal Context for Per-Camera Object Detection,Sara Beery,object-detection,video-understanding,,https://github.com/tensorflow/models/tree/master/research/object_detection,64576
1,Chen_MnasFPN_Learning_Latency-Aware_Pyramid_Architecture_for_Object_Detection_on_Mobile_CVPR_2020_paper,MnasFPN: Learning Latency-Aware Pyramid Architecture for Object Detection on Mobile Devices,Bo Chen,object-detection,,,https://github.com/tensorflow/models/tree/master/research/object_detection,64576
2,Zhang_Bridging_the_Gap_Between_Anchor-Based_and_Anchor-Free_Detection_via_Adaptive_CVPR_2020_paper,Bridging the Gap Between Anchor-Based and Anchor-Free Detection via Adaptive Training Sample Selection,Shifeng Zhang,object-detection,,,https://github.com/open-mmlab/mmdetection,10263
3,Tan_EfficientDet_Scalable_and_Efficient_Object_Detection_CVPR_2020_paper,EfficientDet: Scalable and Efficient Object Detection,Mingxing Tan,object-detection,object-detection-in-aerial-images,pedestrian-detection,https://github.com/zylo117/Yet-Another-EfficientDet-Pytorch,3441
4,Caesar_nuScenes_A_Multimodal_Dataset_for_Autonomous_Driving_CVPR_2020_paper,nuScenes: A Multimodal Dataset for Autonomous Driving,Holger Caesar,3d-object-detection,autonomous-driving,autonomous-vehicles,https://github.com/traveller59/second.pytorch,906
5,Misra_Self-Supervised_Learning_of_Pretext-Invariant_Representations_CVPR_2020_paper,Self-Supervised Learning of Pretext-Invariant Representations,Ishan Misra,object-detection,representation-learning,self-supervised-image-classification,https://github.com/HobbitLong/PyContrast,459
6,Song_Revisiting_the_Sibling_Head_in_Object_Detector_CVPR_2020_paper,Revisiting the Sibling Head in Object Detector,Guanglu Song,object-detection,,,https://github.com/Sense-X/TSD,274
7,He_Structure_Aware_Single-Stage_3D_Object_Detection_From_Point_Cloud_CVPR_2020_paper,Structure Aware Single-Stage 3D Object Detection From Point Cloud,Chenhang He,3d-object-detection,autonomous-driving,object-detection,https://github.com/skyhehe123/SA-SSD,216
8,Wang_Scale-Equalizing_Pyramid_Convolution_for_Object_Detection_CVPR_2020_paper,Scale-Equalizing Pyramid Convolution for Object Detection,Xinjiang Wang,object-detection,,,https://github.com/jshilong/SEPC,210
9,Fan_Few-Shot_Object_Detection_With_Attention-RPN_and_Multi-Relation_Detector_CVPR_2020_paper,Few-Shot Object Detection With Attention-RPN and Multi-Relation Detector,Qi Fan,few-shot-object-detection,object-detection,,https://github.com/fanq15/Few-Shot-Object-Detection-Dataset,205
10,Shi_Point-GNN_Graph_Neural_Network_for_3D_Object_Detection_in_a_CVPR_2020_paper,Point-GNN: Graph Neural Network for 3D Object Detection in a Point Cloud,Weijing Shi,3d-object-detection,object-detection,,https://github.com/WeijingShi/Point-GNN,153
11,Chu_Detection_in_Crowded_Scenes_One_Proposal_Multiple_Predictions_CVPR_2020_paper,"Detection in Crowded Scenes: One Proposal, Multiple Predictions",Xuangeng Chu,object-detection,,,https://github.com/Purkialo/CrowdDet,153
12,Shi_PV-RCNN_Point-Voxel_Feature_Set_Abstraction_for_3D_Object_Detection_CVPR_2020_paper,PV-RCNN: Point-Voxel Feature Set Abstraction for 3D Object Detection,Shaoshuai Shi,3d-object-detection,object-detection,,https://github.com/jhultman/PV-RCNN,151
13,Chen_DSGN_Deep_Stereo_Geometry_Network_for_3D_Object_Detection_CVPR_2020_paper,DSGN: Deep Stereo Geometry Network for 3D Object Detection,Yilun Chen,3d-object-detection,object-detection,,https://github.com/chenyilun95/DSGN,128
14,Ding_Learning_Depth-Guided_Convolutions_for_Monocular_3D_Object_Detection_CVPR_2020_paper,Learning Depth-Guided Convolutions for Monocular 3D Object Detection,Mingyu Ding,3d-object-detection,monocular-3d-object-detection,object-detection,https://github.com/dingmyu/D4LCN,113
15,Tan_Equalization_Loss_for_Long-Tailed_Object_Recognition_CVPR_2020_paper,Equalization Loss for Long-Tailed Object Recognition,Jingru Tan,object-detection,object-recognition,,https://github.com/tztztztztz/eql.detectron2,102
16,Sun_Disp_R-CNN_Stereo_3D_Object_Detection_via_Shape_Prior_Guided_CVPR_2020_paper,Disp R-CNN: Stereo 3D Object Detection via Shape Prior Guided Instance Disparity Estimation,Jiaming Sun,3d-object-detection,3d-object-detection-from-stereo-images,disparity-estimation,https://github.com/zju3dv/disprcnn,76
17,Fan_Camouflaged_Object_Detection_CVPR_2020_paper,Camouflaged Object Detection,Deng-Ping Fan,object-detection,,,https://github.com/DengPingFan/SINet,76
18,Voigtlaender_Siam_R-CNN_Visual_Tracking_by_Re-Detection_CVPR_2020_paper,Siam R-CNN: Visual Tracking by Re-Detection,Paul Voigtlaender,object-detection,object-tracking,visual-object-tracking,https://github.com/VisualComputingInstitute/SiamR-CNN,74
19,Qian_DR_Loss_Improving_Object_Detection_by_Distributional_Ranking_CVPR_2020_paper,DR Loss: Improving Object Detection by Distributional Ranking,Qi Qian,object-detection,,,https://github.com/idstcv/DR_loss,71
20,Ren_Instance-Aware_Context-Focused_and_Memory-Efficient_Weakly_Supervised_Object_Detection_CVPR_2020_paper,"Instance-Aware, Context-Focused, and Memory-Efficient Weakly Supervised Object Detection",Zhongzheng Ren,object-detection,video-object-detection,weakly-supervised-object-detection,https://github.com/NVlabs/wetectron,66
21,Wu_MotionNet_Joint_Perception_and_Motion_Prediction_for_Autonomous_Driving_Based_CVPR_2020_paper,MotionNet: Joint Perception and Motion Prediction for Autonomous Driving Based on Bird's Eye View Maps,Pengxiang Wu,3d-object-detection,autonomous-driving,motion-prediction,https://github.com/pxiangwu/MotionNet,58
22,Yin_LiDAR-Based_Online_3D_Video_Object_Detection_With_Graph-Based_Message_Passing_CVPR_2020_paper,LiDAR-Based Online 3D Video Object Detection With Graph-Based Message Passing and Spatiotemporal Transformer Attention,Junbo Yin,object-detection,video-object-detection,,https://github.com/yinjunbo/3DVID,44
23,Zhao_SESS_Self-Ensembling_Semi-Supervised_3D_Object_Detection_CVPR_2020_paper,SESS: Self-Ensembling Semi-Supervised 3D Object Detection,Na Zhao,3d-object-detection,image-classification,object-detection,https://github.com/Na-Z/sess,30
24,Guo_AugFPN_Improving_Multi-Scale_Feature_Learning_for_Object_Detection_CVPR_2020_paper,AugFPN: Improving Multi-Scale Feature Learning for Object Detection,Chaoxu Guo,object-detection,,,https://github.com/Gus-Guo/AugFPN,25
25,Xie_MLCVNet_Multi-Level_Context_VoteNet_for_3D_Object_Detection_CVPR_2020_paper,MLCVNet: Multi-Level Context VoteNet for 3D Object Detection,Qian Xie,3d-object-detection,object-detection,,https://github.com/NUAAXQ/MLCVNet,20
26,Fu_JL-DCF_Joint_Learning_and_Densely-Cooperative_Fusion_Framework_for_RGB-D_Salient_CVPR_2020_paper,JL-DCF: Joint Learning and Densely-Cooperative Fusion Framework for RGB-D Salient Object Detection,Keren Fu,object-detection,salient-object-detection,,https://github.com/kerenfu/JLDCF,13
27,Peng_IDA-3D_Instance-Depth-Aware_3D_Object_Detection_From_Stereo_Vision_for_Autonomous_CVPR_2020_paper,IDA-3D: Instance-Depth-Aware 3D Object Detection From Stereo Vision for Autonomous Driving,Wanli Peng,3d-object-detection,autonomous-driving,depth-estimation,https://github.com/swords123/IDA-3D,12
28,Uzkent_Learning_When_and_Where_to_Zoom_With_Deep_Reinforcement_Learning_CVPR_2020_paper,Learning When and Where to Zoom With Deep Reinforcement Learning,Burak Uzkent,object-detection,region-proposal,,https://github.com/ermongroup/PatchDrop,12
29,Li_Cross-Domain_Document_Object_Detection_Benchmark_Suite_and_Method_CVPR_2020_paper,Cross-Domain Document Object Detection: Benchmark Suite and Method,Kai Li,object-detection,,,https://github.com/kailigo/cddod,11
30,Piao_A2dele_Adaptive_and_Attentive_Depth_Distiller_for_Efficient_RGB-D_Salient_CVPR_2020_paper,A2dele: Adaptive and Attentive Depth Distiller for Efficient RGB-D Salient Object Detection,Yongri Piao,object-detection,saliency-detection,salient-object-detection,https://github.com/OIPLab-DUT/CVPR2020-A2dele,9
31,Varamesh_Mixture_Dense_Regression_for_Object_Detection_and_Human_Pose_Estimation_CVPR_2020_paper,Mixture Dense Regression for Object Detection and Human Pose Estimation,Ali Varamesh,dense-object-detection,object-detection,pose-estimation,https://github.com/alivaramesh/MixtureDenseRegression,7
32,Pato_Seeing_without_Looking_Contextual_Rescoring_of_Object_Detections_for_AP_CVPR_2020_paper,Seeing without Looking: Contextual Rescoring of Object Detections for AP Maximization,Lourenco V. Pato,object-detection,,,https://github.com/LourencoVazPato/seeing-without-looking,7
33,Shocher_Semantic_Pyramid_for_Image_Generation_CVPR_2020_paper,Semantic Pyramid for Image Generation,Assaf Shocher,object-detection,semantic-segmentation,semantic-segmentation,https://github.com/rosinality/semantic-pyramid-pytorch,5
34,Christie_Learning_Geocentric_Object_Pose_in_Oblique_Monocular_Images_CVPR_2020_paper,Learning Geocentric Object Pose in Oblique Monocular Images,Gordon Christie,object-detection,optical-flow-estimation,semantic-segmentation,https://github.com/pubgeo/monocular-geocentric-pose,2
35,Vora_PointPainting_Sequential_Fusion_for_3D_Object_Detection_CVPR_2020_paper,PointPainting: Sequential Fusion for 3D Object Detection,Sourabh Vora,3d-object-detection,object-detection,self-driving-cars,https://github.com/rshilliday/painting,1
36,Xie_PolarMask_Single_Shot_Instance_Segmentation_With_Polar_Representation_CVPR_2020_paper,PolarMask: Single Shot Instance Segmentation With Polar Representation,Enze Xie,instance-segmentation,object-detection,semantic-segmentation,https://github.com/xieenze/PolarMask,583
37,Zhou_Look-Into-Object_Self-Supervised_Structure_Modeling_for_Object_Recognition_CVPR_2020_paper,Look-Into-Object: Self-Supervised Structure Modeling for Object Recognition,Mohan Zhou,fine-grained-image-classification,object-detection,object-recognition,https://github.com/JDAI-CV/DCL,337
38,Dong_CentripetalNet_Pursuing_High-Quality_Keypoint_Pairs_for_Object_Detection_CVPR_2020_paper,CentripetalNet: Pursuing High-Quality Keypoint Pairs for Object Detection,Zhiwei Dong,instance-segmentation,object-detection,semantic-segmentation,https://github.com/KiveeDong/CentripetalNet,170
39,Wang_NAS-FCOS_Fast_Neural_Architecture_Search_for_Object_Detection_CVPR_2020_paper,NAS-FCOS: Fast Neural Architecture Search for Object Detection,Ning Wang,architecture-search,object-detection,,https://github.com/Lausannen/NAS-FCOS,135
40,Singh_Filter_Response_Normalization_Layer_Eliminating_Batch_Dependence_in_the_Training_CVPR_2020_paper,Filter Response Normalization Layer: Eliminating Batch Dependence in the Training of Deep Neural Networks,Saurabh Singh,image-classification,object-detection,,https://github.com/gupta-abhay/pytorch-frn,94
41,Pan_Dynamic_Refinement_Network_for_Oriented_and_Densely_Packed_Object_Detection_CVPR_2020_paper,Dynamic Refinement Network for Oriented and Densely Packed Object Detection,Xingjia Pan,feature-selection,object-detection,,https://github.com/Anymake/DRN_CVPR2020,81
42,Liao_PPDM_Parallel_Point_Detection_and_Matching_for_Real-Time_Human-Object_Interaction_CVPR_2020_paper,PPDM: Parallel Point Detection and Matching for Real-Time Human-Object Interaction Detection,Yue Liao,human-object-interaction-detection,object-detection,,https://github.com/YueLiao/PPDM,68
43,Pang_TubeTK_Adopting_Tubes_to_Track_Multi-Object_in_a_One-Step_Training_CVPR_2020_paper,TubeTK: Adopting Tubes to Track Multi-Object in a One-Step Training Model,Bo Pang,multi-object-tracking,object-detection,object-tracking,https://github.com/BoPang1996/TubeTK,58
44,Cao_D2Det_Towards_High_Quality_Object_Detection_and_Instance_Segmentation_CVPR_2020_paper,D2Det: Towards High Quality Object Detection and Instance Segmentation,Jiale Cao,instance-segmentation,object-detection,semantic-segmentation,https://github.com/JialeCao001/D2Det,49
45,Xu_Exploring_Categorical_Regularization_for_Domain_Adaptive_Object_Detection_CVPR_2020_paper,Exploring Categorical Regularization for Domain Adaptive Object Detection,Chang-Dong Xu,domain-adaptation,object-detection,,https://github.com/Megvii-Nanjing/CR-DA-DET,39
46,Zhang_Weakly-Supervised_Salient_Object_Detection_via_Scribble_Annotations_CVPR_2020_paper,Weakly-Supervised Salient Object Detection via Scribble Annotations,Jing Zhang,edge-detection,object-detection,salient-object-detection,https://github.com/JingZhang617/Scribble_Saliency,34
47,Xu_Cross-Domain_Detection_via_Graph-Induced_Prototype_Alignment_CVPR_2020_paper,Cross-Domain Detection via Graph-Induced Prototype Alignment,Minghao Xu,domain-adaptation,object-detection,,https://github.com/ChrisAllenMing/GPA-detection,34
48,Engelmann_3D-MPA_Multi-Proposal_Aggregation_for_3D_Semantic_Instance_Segmentation_CVPR_2020_paper,3D-MPA: Multi-Proposal Aggregation for 3D Semantic Instance Segmentation,Francis Engelmann,3d-instance-segmentation-1,3d-object-detection,3d-semantic-instance-segmentation,https://github.com/francisengelmann/3D-MPA,33
49,Cai_Learning_a_Unified_Sample_Weighting_Network_for_Object_Detection_CVPR_2020_paper,Learning a Unified Sample Weighting Network for Object Detection,Qi Cai,object-classification,object-detection,,https://github.com/caiqi/sample-weighting-network,32
50,Pang_Multi-Scale_Interactive_Network_for_Salient_Object_Detection_CVPR_2020_paper,Multi-Scale Interactive Network for Salient Object Detection,Youwei Pang,saliency-detection,salient-object-detection,,https://github.com/lartpang/MINet,29
51,Zhou_Learning_Saliency_Propagation_for_Semi-Supervised_Instance_Segmentation_CVPR_2020_paper,Learning Saliency Propagation for Semi-Supervised Instance Segmentation,Yanzhao Zhou,instance-segmentation,object-detection,semantic-segmentation,https://github.com/ucbdrive/ShapeProp,27
52,Wang_What_Deep_CNNs_Benefit_From_Global_Covariance_Pooling_An_Optimization_CVPR_2020_paper,What Deep CNNs Benefit From Global Covariance Pooling: An Optimization Perspective,Qilong Wang,instance-segmentation,object-detection,semantic-segmentation,https://github.com/ZhangLi-CS/GCP_Optimization,15
53,Mu_Learning_From_Synthetic_Animals_CVPR_2020_paper,Learning From Synthetic Animals,Jiteng Mu,edge-detection,object-detection,synthetic-data-generation,https://github.com/JitengMu/Learning-from-Synthetic-Animals,12
54,Ke_Multiple_Anchor_Learning_for_Visual_Object_Detection_CVPR_2020_paper,Multiple Anchor Learning for Visual Object Detection,Wei Ke,multiple-instance-learning,object-detection,,https://github.com/KevinKecc/MAL,8
55,Yang_Learning_to_Manipulate_Individual_Objects_in_an_Image_CVPR_2020_paper,Learning to Manipulate Individual Objects in an Image,Yanchao Yang,image-manipulation-detection,object-detection,,https://github.com/ChenYutongTHU/Learning-to-manipulate-individual-objects-in-an-image-Implementation,3
56,Du_SpineNet_Learning_Scale-Permuted_Backbone_for_Recognition_and_Localization_CVPR_2020_paper,SpineNet: Learning Scale-Permuted Backbone for Recognition and Localization,Xianzhi Du,instance-segmentation,architecture-search,object-detection,https://github.com/tensorflow/tpu/tree/master/models/official/detection,3585
57,Radosavovic_Designing_Network_Design_Spaces_CVPR_2020_paper,Designing Network Design Spaces,Ilija Radosavovic,image-classification,architecture-search,object-detection,https://github.com/facebookresearch/pycls,1187
58,Chen_Memory_Enhanced_Global-Local_Aggregation_for_Video_Object_Detection_CVPR_2020_paper,Memory Enhanced Global-Local Aggregation for Video Object Detection,Yihong Chen,video-recognition,region-proposal,video-object-detection,https://github.com/Scalsol/mega.pytorch,172
59,Guo_Hit-Detector_Hierarchical_Trinity_Architecture_Search_for_Object_Detection_CVPR_2020_paper,Hit-Detector: Hierarchical Trinity Architecture Search for Object Detection,Jianyuan Guo,image-classification,architecture-search,object-detection,https://github.com/ggjy/HitDet.pytorch,63
60,Li_Overcoming_Classifier_Imbalance_for_Long-Tail_Object_Detection_With_Balanced_Group_CVPR_2020_paper,Overcoming Classifier Imbalance for Long-Tail Object Detection With Balanced Group Softmax,Yu Li,image-classification,instance-segmentation,object-detection,https://github.com/FishYuLi/BalancedGroupSoftmax,61
61,Hu_Learning_to_Segment_the_Tail_CVPR_2020_paper,Learning to Segment the Tail,Xinting Hu,image-classification,instance-segmentation,object-detection,https://github.com/JoyHuYY1412/LST_LVIS,19
62,Lu_MUXConv_Information_Multiplexing_in_Convolutional_Neural_Networks_CVPR_2020_paper,MUXConv: Information Multiplexing in Convolutional Neural Networks,Zhichao Lu,image-classification,architecture-search,object-detection,https://github.com/human-analysis/MUXConv,12
63,Lu_Enhancing_Cross-Task_Black-Box_Transferability_of_Adversarial_Examples_With_Dispersion_Reduction_CVPR_2020_paper,Enhancing Cross-Task Black-Box Transferability of Adversarial Examples With Dispersion Reduction,Yantao Lu,adversarial-attack,image-classification,object-detection,https://github.com/erbloo/dr,3
64,Kirillov_PointRend_Image_Segmentation_As_Rendering_CVPR_2020_paper,PointRend: Image Segmentation As Rendering,Alexander Kirillov,semantic-segmentation,,,https://github.com/facebookresearch/detectron2/tree/master/projects/PointRend,11147
65,Hu_RandLA-Net_Efficient_Semantic_Segmentation_of_Large-Scale_Point_Clouds_CVPR_2020_paper,RandLA-Net: Efficient Semantic Segmentation of Large-Scale Point Clouds,Qingyong Hu,3d-semantic-segmentation,semantic-segmentation,,https://github.com/QingyongHu/RandLA-Net,418
66,Chen_State-Aware_Tracker_for_Real-Time_Video_Object_Segmentation_CVPR_2020_paper,State-Aware Tracker for Real-Time Video Object Segmentation,Xi Chen,semantic-segmentation,semi-supervised-video-object-segmentation,video-object-segmentation,https://github.com/MegviiDetection/video_analyst,354
67,Li_Learning_Dynamic_Routing_for_Semantic_Segmentation_CVPR_2020_paper,Learning Dynamic Routing for Semantic Segmentation,Yanwei Li,semantic-segmentation,,,https://github.com/yanwei-li/DynamicRouting,228
68,Araslanov_Single-Stage_Semantic_Segmentation_From_Image_Labels_CVPR_2020_paper,Single-Stage Semantic Segmentation From Image Labels,Nikita Araslanov,semantic-segmentation,,,https://github.com/visinf/1-stage-wseg,160
69,Lai_MAST_A_Memory-Augmented_Self-Supervised_Tracker_CVPR_2020_paper,MAST: A Memory-Augmented Self-Supervised Tracker,Zihang Lai,semantic-segmentation,semi-supervised-video-object-segmentation,video-object-segmentation,https://github.com/zlai0/MAST,127
70,Watson_Footprints_and_Free_Space_From_a_Single_Color_Image_CVPR_2020_paper,Footprints and Free Space From a Single Color Image,Jamie Watson,semantic-segmentation,,,https://github.com/nianticlabs/footprints,113
71,Wan_Super-BPD_Super_Boundary-to-Pixel_Direction_for_Fast_Image_Segmentation_CVPR_2020_paper,Super-BPD: Super Boundary-to-Pixel Direction for Fast Image Segmentation,Jianqiang Wan,semantic-segmentation,,,https://github.com/JianqiangWan/Super-BPD,91
72,Zhang_PolarNet_An_Improved_Grid_Representation_for_Online_LiDAR_Point_Clouds_CVPR_2020_paper,PolarNet: An Improved Grid Representation for Online LiDAR Point Clouds Semantic Segmentation,Yang Zhang,3d-semantic-segmentation,autonomous-driving,semantic-segmentation,https://github.com/edwardzhou130/PolarSeg,86
73,Lambert_MSeg_A_Composite_Dataset_for_Multi-Domain_Semantic_Segmentation_CVPR_2020_paper,MSeg: A Composite Dataset for Multi-Domain Semantic Segmentation,John Lambert,semantic-segmentation,,,https://github.com/mseg-dataset/mseg-api,79
74,Robinson_Learning_Fast_and_Robust_Target_Models_for_Video_Object_Segmentation_CVPR_2020_paper,Learning Fast and Robust Target Models for Video Object Segmentation,Andreas Robinson,semantic-segmentation,video-object-segmentation,video-semantic-segmentation,https://github.com/andr345/frtm-vos,60
75,Hu_Temporally_Distributed_Networks_for_Fast_Video_Semantic_Segmentation_CVPR_2020_paper,Temporally Distributed Networks for Fast Video Semantic Segmentation,Ping Hu,real-time-semantic-segmentation,semantic-segmentation,video-semantic-segmentation,https://github.com/feinanshan/TDNet,53
76,Schult_DualConvMesh-Net_Joint_Geodesic_and_Euclidean_Convolutions_on_3D_Meshes_CVPR_2020_paper,DualConvMesh-Net: Joint Geodesic and Euclidean Convolutions on 3D Meshes,Jonas Schult,3d-semantic-segmentation,scene-segmentation,semantic-segmentation,https://github.com/VisualComputingInstitute/dcm-net,47
77,Chiu_Agriculture-Vision_A_Large_Aerial_Image_Database_for_Agricultural_Pattern_Analysis_CVPR_2020_paper,Agriculture-Vision: A Large Aerial Image Database for Agricultural Pattern Analysis,Mang Tik Chiu,semantic-segmentation,,,https://github.com/SHI-Labs/Agriculture-Vision,39
78,Jaritz_xMUDA_Cross-Modal_Unsupervised_Domain_Adaptation_for_3D_Semantic_Segmentation_CVPR_2020_paper,xMUDA: Cross-Modal Unsupervised Domain Adaptation for 3D Semantic Segmentation,Maximilian Jaritz,3d-semantic-segmentation,autonomous-driving,domain-adaptation,https://github.com/valeoai/xmuda,23
79,Ouali_Semi-Supervised_Semantic_Segmentation_With_Cross-Consistency_Training_CVPR_2020_paper,Semi-Supervised Semantic Segmentation With Cross-Consistency Training,Yassine Ouali,semantic-segmentation,semi-supervised-semantic-segmentation,,https://github.com/yassouali/CCT,19
80,Chang_Weakly-Supervised_Semantic_Segmentation_via_Sub-Category_Exploration_CVPR_2020_paper,Weakly-Supervised Semantic Segmentation via Sub-Category Exploration,Yu-Ting Chang,semantic-segmentation,weakly-supervised-semantic-segmentation,,https://github.com/Juliachang/SC-CAM,14
81,Lin_Graph-Guided_Architecture_Search_for_Real-Time_Semantic_Segmentation_CVPR_2020_paper,Graph-Guided Architecture Search for Real-Time Semantic Segmentation,Peiwen Lin,real-time-semantic-segmentation,semantic-segmentation,,https://github.com/L-Lighter/LightNet,12
82,Fan_Learning_Integral_Objects_With_Intra-Class_Discriminator_for_Weakly-Supervised_Semantic_Segmentation_CVPR_2020_paper,Learning Integral Objects With Intra-Class Discriminator for Weakly-Supervised Semantic Segmentation,Junsong Fan,semantic-segmentation,weakly-supervised-semantic-segmentation,,https://github.com/js-fan/ICD,8
83,Naseer_A_Self-supervised_Approach_for_Adversarial_Robustness_CVPR_2020_paper,A Self-supervised Approach for Adversarial Robustness,Muzammal Naseer,semantic-segmentation,semi-supervised-semantic-segmentation,out-of-distribution-detection,https://github.com/Muzammal-Naseer/NRP,5
84,Huang_Referring_Image_Segmentation_via_Cross-Modal_Progressive_Comprehension_CVPR_2020_paper,Referring Image Segmentation via Cross-Modal Progressive Comprehension,Shaofei Huang,semantic-segmentation,,,https://github.com/spyflying/CMPC-Refseg,1
85,Jeppesen_Sparse_Layered_Graphs_for_Multi-Object_Segmentation_CVPR_2020_paper,Sparse Layered Graphs for Multi-Object Segmentation,Niels Jeppesen,semantic-segmentation,image-generation,instance-segmentation,https://github.com/Skielex/slgbuilder,0
86,Zhang_Mask_Encoding_for_Single_Shot_Instance_Segmentation_CVPR_2020_paper,Mask Encoding for Single Shot Instance Segmentation,Rufeng Zhang,instance-segmentation,semantic-segmentation,,https://github.com/aim-uofa/AdelaiDet,896
87,Cheng_CascadePSP_Toward_Class-Agnostic_and_Very_High-Resolution_Segmentation_via_Global_and_CVPR_2020_paper,CascadePSP: Toward Class-Agnostic and Very High-Resolution Segmentation via Global and Local Refinement,Ho Kei Cheng,scene-parsing,semantic-segmentation,,https://github.com/hkchengrex/CascadePSP,188
88,Li_FSS-1000_A_1000-Class_Dataset_for_Few-Shot_Segmentation_CVPR_2020_paper,FSS-1000: A 1000-Class Dataset for Few-Shot Segmentation,Xiang Li,few-shot-image-segmentation,semantic-segmentation,,https://github.com/HKUSTCV/FSS-1000,128
89,Wang_Self-Supervised_Equivariant_Attention_Mechanism_for_Weakly_Supervised_Semantic_Segmentation_CVPR_2020_paper,Self-Supervised Equivariant Attention Mechanism for Weakly Supervised Semantic Segmentation,Yude Wang,data-augmentation,semantic-segmentation,weakly-supervised-semantic-segmentation,https://github.com/YudeWang/SEAM,109
90,Choi_Cars_Cant_Fly_Up_in_the_Sky_Improving_Urban-Scene_Segmentation_CVPR_2020_paper,Cars Can't Fly Up in the Sky: Improving Urban-Scene Segmentation via Height-Driven Attention Networks,Sungha Choi,scene-segmentation,semantic-segmentation,,https://github.com/shachoi/HANet,75
91,Wannenwetsch_Probabilistic_Pixel-Adaptive_Refinement_Networks_CVPR_2020_paper,Probabilistic Pixel-Adaptive Refinement Networks,Anne S. Wannenwetsch,optical-flow-estimation,semantic-segmentation,,https://github.com/visinf/ppac_refinement,44
92,Siddiqui_ViewAL_Active_Learning_With_Viewpoint_Entropy_for_Semantic_Segmentation_CVPR_2020_paper,ViewAL: Active Learning With Viewpoint Entropy for Semantic Segmentation,Yawar Siddiqui,active-learning,semantic-segmentation,,https://github.com/nihalsid/ViewAL,42
93,Kulikov_Instance_Segmentation_of_Biological_Images_Using_Harmonic_Embeddings_CVPR_2020_paper,Instance Segmentation of Biological Images Using Harmonic Embeddings,Victor Kulikov,instance-segmentation,semantic-segmentation,,https://github.com/kulikovv/harmonic,24
94,Zhang_Interactive_Object_Segmentation_With_Inside-Outside_Guidance_CVPR_2020_paper,Interactive Object Segmentation With Inside-Outside Guidance,Shiyin Zhang,instance-segmentation,semantic-segmentation,,https://github.com/shiyinzhang/Inside-Outside-Guidance,22
95,Bertasius_Classifying_Segmenting_and_Tracking_Object_Instances_in_Video_with_Mask_CVPR_2020_paper,"Classifying, Segmenting, and Tracking Object Instances in Video with Mask Propagation",Gedas Bertasius,instance-segmentation,semantic-segmentation,,https://github.com/jiawen9611/Awesome-Video-Instance-Segmentation,13
96,Knobelreiter_Belief_Propagation_Reloaded_Learning_BP-Layers_for_Labeling_Problems_CVPR_2020_paper,Belief Propagation Reloaded: Learning BP-Layers for Labeling Problems,Patrick Knobelreiter,optical-flow-estimation,semantic-segmentation,,https://github.com/VLOGroup/bp-layers,5
97,Schonfeld_A_U-Net_Based_Discriminator_for_Generative_Adversarial_Networks_CVPR_2020_paper,A U-Net Based Discriminator for Generative Adversarial Networks,Edgar Schonfeld,compressive-sensing,semantic-segmentation,,https://github.com/xingchenzhao/deep-learning-team-project,2
98,Yang_Phase_Consistent_Ecological_Domain_Adaptation_CVPR_2020_paper,Phase Consistent Ecological Domain Adaptation,Yanchao Yang,domain-adaptation,semantic-segmentation,unsupervised-domain-adaptation,https://github.com/donglao/PCEDA,1
99,Chen_BlendMask_Top-Down_Meets_Bottom-Up_for_Instance_Segmentation_CVPR_2020_paper,BlendMask: Top-Down Meets Bottom-Up for Instance Segmentation,Hao Chen,instance-segmentation,real-time-instance-segmentation,semantic-segmentation,https://github.com/aim-uofa/adet,896
100,Cheng_Panoptic-DeepLab_A_Simple_Strong_and_Fast_Baseline_for_Bottom-Up_Panoptic_CVPR_2020_paper,"Panoptic-DeepLab: A Simple, Strong, and Fast Baseline for Bottom-Up Panoptic Segmentation",Bowen Cheng,instance-segmentation,panoptic-segmentation,semantic-segmentation,https://github.com/bowenc0221/panoptic-deeplab,145
101,Kim_Video_Panoptic_Segmentation_CVPR_2020_paper,Video Panoptic Segmentation,Dahun Kim,instance-segmentation,panoptic-segmentation,semantic-segmentation,https://github.com/mcahny/vps,40
102,Wang_Dual_Super-Resolution_Learning_for_Semantic_Segmentation_CVPR_2020_paper,Dual Super-Resolution Learning for Semantic Segmentation,Li Wang,image-super-resolution,pose-estimation,semantic-segmentation,https://github.com/wanglixilinx/DSRL,25
103,Liu_3D_Part_Guided_Image_Editing_for_Fine-Grained_Object_Understanding_CVPR_2020_paper,3D Part Guided Image Editing for Fine-Grained Object Understanding,Zongdai Liu,autonomous-driving,instance-segmentation,semantic-segmentation,https://github.com/zongdai/EditingForDNN,12
104,Ye_Light-weight_Calibrator_A_Separable_Component_for_Unsupervised_Domain_Adaptation_CVPR_2020_paper,Light-weight Calibrator: A Separable Component for Unsupervised Domain Adaptation,Shaokai Ye,adversarial-attack,domain-adaptation,semantic-segmentation,https://github.com/yeshaokai/Calibrator-Domain-Adaptation,3
105,Tao_Few-Shot_Class-Incremental_Learning_CVPR_2020_paper,Few-Shot Class-Incremental Learning,Xiaoyu Tao,few-shot-learning,few-shot-image-segmentation,semantic-segmentation,https://github.com/xyutao/fscil,3
106,Zhang_Distilling_Effective_Supervision_From_Severe_Label_Noise_CVPR_2020_paper,Distilling Effective Supervision From Severe Label Noise,Zizhao Zhang,image-classification,,,https://github.com/google-research/google-research/tree/master/ieg,10588
107,Han_GhostNet_More_Features_From_Cheap_Operations_CVPR_2020_paper,GhostNet: More Features From Cheap Operations,Kai Han,image-classification,,,https://github.com/osmr/imgclsmob,1551
108,Fang_Densely_Connected_Search_Space_for_More_Flexible_Neural_Architecture_Search_CVPR_2020_paper,Densely Connected Search Space for More Flexible Neural Architecture Search,Jiemin Fang,image-classification,architecture-search,,https://github.com/JaminFong/DenseNAS,230
109,Li_SGAS_Sequential_Greedy_Architecture_Search_CVPR_2020_paper,SGAS: Sequential Greedy Architecture Search,Guohao Li,image-classification,architecture-search,node-classification,https://github.com/lightaime/sgas,94
110,Kim_Proxy_Anchor_Loss_for_Deep_Metric_Learning_CVPR_2020_paper,Proxy Anchor Loss for Deep Metric Learning,Sungyeon Kim,fine-grained-image-classification,fine-grained-vehicle-classification,metric-learning,https://github.com/tjddus9597/Proxy-Anchor-CVPR2020,75
111,Li_Neural_Architecture_Search_for_Lightweight_Non-Local_Networks_CVPR_2020_paper,Neural Architecture Search for Lightweight Non-Local Networks,Yingwei Li,image-classification,architecture-search,,https://github.com/LiYingwei/AutoNL,66
112,Zhang_Relation-Aware_Global_Attention_for_Person_Re-Identification_CVPR_2020_paper,Relation-Aware Global Attention for Person Re-Identification,Zhizheng Zhang,image-classification,person-re-identification,scene-segmentation,https://github.com/microsoft/Relation-Aware-Global-Attention-Networks,50
113,Ramanujan_Whats_Hidden_in_a_Randomly_Weighted_Neural_Network_CVPR_2020_paper,What's Hidden in a Randomly Weighted Neural Network?,Vivek Ramanujan,image-classification,,,https://github.com/allenai/hidden-networks,47
114,Li_Group_Sparsity_The_Hinge_Between_Filter_Pruning_and_Decomposition_for_CVPR_2020_paper,Group Sparsity: The Hinge Between Filter Pruning and Decomposition for Network Compression,Yawei Li,image-classification,image-super-resolution,neural-network-compression,https://github.com/ofsoundof/group_sparsity,30
115,Verelst_Dynamic_Convolutions_Exploiting_Spatial_Sparsity_for_Faster_Inference_CVPR_2020_paper,Dynamic Convolutions: Exploiting Spatial Sparsity for Faster Inference,Thomas Verelst,image-classification,pose-estimation,,https://github.com/thomasverelst/dynconv,22
116,Dong_Benchmarking_Adversarial_Robustness_on_Image_Classification_CVPR_2020_paper,Benchmarking Adversarial Robustness on Image Classification,Yinpeng Dong,image-classification,person-re-identification,image-classification,https://github.com/thu-ml/realsafe,16
117,Bertinetto_Making_Better_Mistakes_Leveraging_Class_Hierarchies_With_Deep_Networks_CVPR_2020_paper,Making Better Mistakes: Leveraging Class Hierarchies With Deep Networks,Luca Bertinetto,image-classification,,,https://github.com/fiveai/making-better-mistakes,16
118,Zhao_Towards_Large_Yet_Imperceptible_Adversarial_Image_Perturbations_With_Perceptual_Color_CVPR_2020_paper,Towards Large Yet Imperceptible Adversarial Image Perturbations With Perceptual Color Distance,Zhengyu Zhao,image-classification,,,https://github.com/ZhengyuZhao/PerC-Adversarial,14
119,Simon_Adaptive_Subspaces_for_Few-Shot_Learning_CVPR_2020_paper,Adaptive Subspaces for Few-Shot Learning,Christian Simon,few-shot-image-classification,few-shot-learning,meta-learning,https://github.com/chrysts/dsn_fewshot,10
120,Huang_Controllable_Orthogonalization_in_Training_DNNs_CVPR_2020_paper,Controllable Orthogonalization in Training DNNs,Lei Huang,image-classification,,,https://github.com/huangleiBuaa/ONI,8
121,Chen_Network_Adjustment_Channel_Search_Guided_by_FLOPs_Utilization_Ratio_CVPR_2020_paper,Network Adjustment: Channel Search Guided by FLOPs Utilization Ratio,Zhengsu Chen,image-classification,network-pruning,,https://github.com/danczs/NetworkAdjustment,7
122,Maksoud_SOS_Selective_Objective_Switch_for_Rapid_Immunofluorescence_Whole_Slide_Image_CVPR_2020_paper,SOS: Selective Objective Switch for Rapid Immunofluorescence Whole Slide Image Classification,Sam Maksoud,image-classification,,,https://github.com/cradleai/LKS-Dataset,4
123,Guo_Attentive_Weights_Generation_for_Few_Shot_Learning_via_Information_Maximization_CVPR_2020_paper,Attentive Weights Generation for Few Shot Learning via Information Maximization,Yiluan Guo,few-shot-image-classification,few-shot-learning,image-classification,https://github.com/Yiluan/AWGIM,0
124,Mohapatra_Towards_Verifying_Robustness_of_Neural_Networks_Against_A_Family_of_CVPR_2020_paper,Towards Verifying Robustness of Neural Networks Against A Family of Semantic Perturbations,Jeet Mohapatra,image-classification,,,https://github.com/JeetMo/Semantify-NN,0
125,Xie_Self-Training_With_Noisy_Student_Improves_ImageNet_Classification_CVPR_2020_paper,Self-Training With Noisy Student Improves ImageNet Classification,Qizhe Xie,data-augmentation,image-classification,,https://github.com/tensorflow/tpu/tree/master/models/official/efficientnet,3582
126,Wang_ECA-Net_Efficient_Channel_Attention_for_Deep_Convolutional_Neural_Networks_CVPR_2020_paper,ECA-Net: Efficient Channel Attention for Deep Convolutional Neural Networks,Qilong Wang,dimensionality-reduction,image-classification,instance-segmentation,https://github.com/BangguWu/ECANet,228
127,Khrulkov_Hyperbolic_Image_Embeddings_CVPR_2020_paper,Hyperbolic Image Embeddings,Valentin Khrulkov,zero-shot-learning,image-classification,image-retrieval,https://github.com/KhrulkovV/hyperbolic-image-embeddings,153
128,Yun_Regularizing_Class-Wise_Predictions_via_Self-Knowledge_Distillation_CVPR_2020_paper,Regularizing Class-Wise Predictions via Self-Knowledge Distillation,Sukmin Yun,calibration,image-classification,,https://github.com/alinlab/cs-kd,23
129,Yang_Rotation_Equivariant_Graph_Convolutional_Network_for_Spherical_Image_Classification_CVPR_2020_paper,Rotation Equivariant Graph Convolutional Network for Spherical Image Classification,Qin Yang,graph-construction,image-classification,,https://github.com/QinYang12/SGCN,5
130,Zhang_DeepEMD_Few-Shot_Image_Classification_With_Differentiable_Earth_Movers_Distance_and_CVPR_2020_paper,DeepEMD: Few-Shot Image Classification With Differentiable Earth Mover's Distance and Structured Classifiers,Chi Zhang,few-shot-learning,meta-learning,image-classification,https://github.com/icoz69/DeepEMD,71
131,Karras_Analyzing_and_Improving_the_Image_Quality_of_StyleGAN_CVPR_2020_paper,Analyzing and Improving the Image Quality of StyleGAN,Tero Karras,image-generation,,,https://github.com/NVlabs/stylegan2,4713
132,Choi_StarGAN_v2_Diverse_Image_Synthesis_for_Multiple_Domains_CVPR_2020_paper,StarGAN v2: Diverse Image Synthesis for Multiple Domains,Yunjey Choi,image-generation,image-to-image-translation,,https://github.com/clovaai/stargan-v2,1406
133,Li_GAN_Compression_Efficient_Architectures_for_Interactive_Conditional_GANs_CVPR_2020_paper,GAN Compression: Efficient Architectures for Interactive Conditional GANs,Muyang Li,image-generation,architecture-search,,https://github.com/mit-han-lab/gan-compression,551
134,Karnewar_MSG-GAN_Multi-Scale_Gradients_for_Generative_Adversarial_Networks_CVPR_2020_paper,MSG-GAN: Multi-Scale Gradients for Generative Adversarial Networks,Animesh Karnewar,image-generation,,,https://github.com/akanimax/BMSG-GAN,454
135,Li_MixNMatch_Multifactor_Disentanglement_and_Encoding_for_Conditional_Image_Generation_CVPR_2020_paper,MixNMatch: Multifactor Disentanglement and Encoding for Conditional Image Generation,Yuheng Li,conditional-image-generation,image-generation,,https://github.com/Yuheng-Li/MixNMatch,424
136,Zhu_SEAN_Image_Synthesis_With_Semantic_Region-Adaptive_Normalization_CVPR_2020_paper,SEAN: Image Synthesis With Semantic Region-Adaptive Normalization,Peihao Zhu,image-generation,,,https://github.com/ZPdesu/SEAN,193
137,Zhu_Semantically_Multi-Modal_Image_Synthesis_CVPR_2020_paper,Semantically Multi-Modal Image Synthesis,Zhen Zhu,image-generation,,,https://github.com/Seanseattle/SMIS,191
138,Long_UnrealText_Synthesizing_Realistic_Scene_Text_Images_From_the_Unreal_World_CVPR_2020_paper,UnrealText: Synthesizing Realistic Scene Text Images From the Unreal World,Shangbang Long,image-generation,scene-text,scene-text-detection,https://github.com/Jyouhou/UnrealText,103
139,Daras_Your_Local_GAN_Designing_Two_Dimensional_Local_Attention_Mechanisms_for_CVPR_2020_paper,Your Local GAN: Designing Two Dimensional Local Attention Mechanisms for Generative Models,Giannis Daras,conditional-image-generation,deep-attention,image-generation,https://github.com/giannisdaras/ylg,77
140,Alharbi_Disentangled_Image_Generation_Through_Structured_Noise_Injection_CVPR_2020_paper,Disentangled Image Generation Through Structured Noise Injection,Yazeed Alharbi,image-generation,,,https://github.com/yalharbi/StructuredNoiseInjection,73
141,Collins_Editing_in_Style_Uncovering_the_Local_Semantics_of_GANs_CVPR_2020_paper,Editing in Style: Uncovering the Local Semantics of GANs,Edo Collins,image-generation,,,https://github.com/IVRL/GANLocalEditing,58
142,Li_BachGAN_High-Resolution_Image_Synthesis_From_Salient_Object_Layout_CVPR_2020_paper,BachGAN: High-Resolution Image Synthesis From Salient Object Layout,Yandong Li,image-generation,,,https://github.com/Cold-Winter/BachGAN,40
143,Esser_A_Disentangling_Invertible_Interpretation_Network_for_Explaining_Latent_Representations_CVPR_2020_paper,A Disentangling Invertible Interpretation Network for Explaining Latent Representations,Patrick Esser,image-generation,,,https://github.com/CompVis/iin,33
144,Clever_Bodies_at_Rest_3D_Human_Pose_and_Shape_Estimation_From_CVPR_2020_paper,Bodies at Rest: 3D Human Pose and Shape Estimation From a Pressure Image Using Synthetic Data,Henry M. Clever,image-generation,,,https://github.com/Healthcare-Robotics/bodies-at-rest,29
145,Gao_AdversarialNAS_Adversarial_Neural_Architecture_Search_for_GANs_CVPR_2020_paper,AdversarialNAS: Adversarial Neural Architecture Search for GANs,Chen Gao,image-generation,architecture-search,,https://github.com/chengaopro/AdversarialNAS,16
146,Choi_Hi-CMD_Hierarchical_Cross-Modality_Disentanglement_for_Visible-Infrared_Person_Re-Identification_CVPR_2020_paper,Hi-CMD: Hierarchical Cross-Modality Disentanglement for Visible-Infrared Person Re-Identification,Seokeon Choi,image-generation,person-re-identification,,https://github.com/bismex/HiCMD,15
147,Dhamo_Semantic_Image_Manipulation_Using_Scene_Graphs_CVPR_2020_paper,Semantic Image Manipulation Using Scene Graphs,Helisa Dhamo,image-generation,layout-to-image-generation,,https://github.com/he-dhamo/simsg,9
148,Ansari_A_Characteristic_Function_Approach_to_Deep_Implicit_Generative_Modeling_CVPR_2020_paper,A Characteristic Function Approach to Deep Implicit Generative Modeling,Abdul Fatir Ansari,image-generation,,,https://github.com/crslab/OCFGAN,7
149,Gao_SketchyCOCO_Image_Generation_From_Freehand_Scene_Sketches_CVPR_2020_paper,SketchyCOCO: Image Generation From Freehand Scene Sketches,Chengying Gao,image-generation,,,https://github.com/sysu-imsl/EdgeGAN,2
150,Shen_Interpreting_the_Latent_Space_of_GANs_for_Semantic_Face_Editing_CVPR_2020_paper,Interpreting the Latent Space of GANs for Semantic Face Editing,Yujun Shen,face-generation,image-generation,,https://github.com/ShenYujun/InterFaceGAN,518
151,Wang_CNN-Generated_Images_Are_Surprisingly_Easy_to_Spot..._for_Now_CVPR_2020_paper,CNN-Generated Images Are Surprisingly Easy to Spot... for Now,Sheng-Yu Wang,data-augmentation,image-generation,super-resolution,https://github.com/PeterWang512/CNNDetection,444
152,Deng_Disentangled_and_Controllable_Face_Image_Generation_via_3D_Imitative-Contrastive_Learning_CVPR_2020_paper,Disentangled and Controllable Face Image Generation via 3D Imitative-Contrastive Learning,Yu Deng,contrastive-learning,image-generation,,https://github.com/microsoft/DisentangledFaceGAN,141
153,Chen_A_Neural_Rendering_Framework_for_Free-Viewpoint_Relighting_CVPR_2020_paper,A Neural Rendering Framework for Free-Viewpoint Relighting,Zhang Chen,3d-reconstruction,image-generation,,https://github.com/LansburyCH/relightable-nr,27
154,Bhattacharyya_Normalizing_Flows_With_Multi-Scale_Autoregressive_Priors_CVPR_2020_paper,Normalizing Flows With Multi-Scale Autoregressive Priors,Apratim Bhattacharyya,density-estimation,image-generation,,https://github.com/visinf/mar-scf,8
155,Smith_A_Morphable_Face_Albedo_Model_CVPR_2020_paper,A Morphable Face Albedo Model,William A. P. Smith,3d-reconstruction,face-alignment,image-generation,https://github.com/waps101/AlbedoMM,46
156,Han_OccuSeg_Occupancy-Aware_3D_Instance_Segmentation_CVPR_2020_paper,OccuSeg: Occupancy-Aware 3D Instance Segmentation,Lei Han,3d-instance-segmentation-1,instance-segmentation,multi-task-learning,https://github.com/facebookresearch/SparseConvNet,1137
157,Peng_Deep_Snake_for_Real-Time_Instance_Segmentation_CVPR_2020_paper,Deep Snake for Real-Time Instance Segmentation,Sida Peng,instance-segmentation,object-localization,real-time-instance-segmentation,https://github.com/zju3dv/snake,584
158,Jiang_PointGroup_Dual-Set_Point_Grouping_for_3D_Instance_Segmentation_CVPR_2020_paper,PointGroup: Dual-Set Point Grouping for 3D Instance Segmentation,Li Jiang,3d-instance-segmentation-1,instance-segmentation,scene-understanding,https://github.com/Jia-Research-Lab/PointGroup,94
159,Jiang_Coherent_Reconstruction_of_Multiple_Humans_From_a_Single_Image_CVPR_2020_paper,Coherent Reconstruction of Multiple Humans From a Single Image,Wen Jiang,3d-pose-estimation,3d-reconstruction,instance-segmentation,https://github.com/JiangWenPL/multiperson,98
160,Xiang_Zooming_Slow-Mo_Fast_and_Accurate_One-Stage_Space-Time_Video_Super-Resolution_CVPR_2020_paper,Zooming Slow-Mo: Fast and Accurate One-Stage Space-Time Video Super-Resolution,Xiaoyu Xiang,super-resolution,video-frame-interpolation,video-super-resolution,https://github.com/Mukosame/Zooming-Slow-Mo-CVPR-2020,268
161,Zhang_Deep_Unfolding_Network_for_Image_Super-Resolution_CVPR_2020_paper,Deep Unfolding Network for Image Super-Resolution,Kai Zhang,image-super-resolution,super-resolution,,https://github.com/cszn/USRNet,248
162,Guo_Closed-Loop_Matters_Dual_Regression_Networks_for_Single_Image_Super-Resolution_CVPR_2020_paper,Closed-Loop Matters: Dual Regression Networks for Single Image Super-Resolution,Yong Guo,image-super-resolution,super-resolution,,https://github.com/guoyongcs/DRN,177
163,Ma_Structure-Preserving_Super_Resolution_With_Gradient_Guidance_CVPR_2020_paper,Structure-Preserving Super Resolution With Gradient Guidance,Cheng Ma,image-super-resolution,super-resolution,,https://github.com/Maclory/SPSR,164
164,Mei_Image_Super-Resolution_With_Cross-Scale_Non-Local_Attention_and_Exhaustive_Self-Exemplars_Mining_CVPR_2020_paper,Image Super-Resolution With Cross-Scale Non-Local Attention and Exhaustive Self-Exemplars Mining,Yiqun Mei,image-super-resolution,super-resolution,,https://github.com/SHI-Labs/Cross-Scale-Non-Local-Attention,96
165,Ma_Deep_Face_Super-Resolution_With_Iterative_Collaboration_Between_Attentive_Recovery_and_CVPR_2020_paper,Deep Face Super-Resolution With Iterative Collaboration Between Attentive Recovery and Landmark Estimation,Cheng Ma,super-resolution,,,https://github.com/Maclory/Deep-Iterative-Collaboration,94
166,Abu_Hussein_Correction_Filter_for_Single_Image_Super-Resolution_Robustifying_Off-the-Shelf_Deep_Super-Resolvers_CVPR_2020_paper,Correction Filter for Single Image Super-Resolution: Robustifying Off-the-Shelf Deep Super-Resolvers,Shady Abu Hussein,image-super-resolution,super-resolution,,https://github.com/shadyabh/Correction-Filter,20
167,Isobe_Video_Super-Resolution_With_Temporal_Group_Attention_CVPR_2020_paper,Video Super-Resolution With Temporal Group Attention,Takashi Isobe,super-resolution,video-super-resolution,,https://github.com/junpan19/VSR_TGA,16
168,Jin_Light_Field_Spatial_Super-Resolution_via_Deep_Combinatorial_Geometry_Embedding_and_CVPR_2020_paper,Light Field Spatial Super-Resolution via Deep Combinatorial Geometry Embedding and Structural Consistency Regularization,Jing Jin,super-resolution,,,https://github.com/jingjin25/LFSSR-ATO,12
169,Zhang_Unsupervised_Adaptation_Learning_for_Hyperspectral_Imagery_Super-Resolution_CVPR_2020_paper,Unsupervised Adaptation Learning for Hyperspectral Imagery Super-Resolution,Lei Zhang,super-resolution,,,https://github.com/JiangtaoNie/UAL,1
170,Menon_PULSE_Self-Supervised_Photo_Upsampling_via_Latent_Space_Exploration_of_Generative_CVPR_2020_paper,PULSE: Self-Supervised Photo Upsampling via Latent Space Exploration of Generative Models,Sachit Menon,face-hallucination,image-super-resolution,super-resolution,https://github.com/adamian98/pulse,2201
171,Tian_TDAN_Temporally-Deformable_Alignment_Network_for_Video_Super-Resolution_CVPR_2020_paper,TDAN: Temporally-Deformable Alignment Network for Video Super-Resolution,Yapeng Tian,deblurring,super-resolution,video-super-resolution,https://github.com/YapengTian/TDAN-VSR,134
172,I._Learning_to_Super_Resolve_Intensity_Images_From_Events_CVPR_2020_paper,Learning to Super Resolve Intensity Images From Events,S. Mohammad Mostafavi I.,image-reconstruction,super-resolution,,https://github.com/gistvision/e2sri,3
173,Choy_Deep_Global_Registration_CVPR_2020_paper,Deep Global Registration,Christopher Choy,brain-segmentation,image-registration,image-super-resolution,https://github.com/chrischoy/FCGF,195
174,Wang_Transferable_Controllable_and_Inconspicuous_Adversarial_Attacks_on_Person_Re-identification_With_CVPR_2020_paper,"Transferable, Controllable, and Inconspicuous Adversarial Attacks on Person Re-identification With Deep Mis-Ranking",Hongjun Wang,person-re-identification,representation-learning,,https://github.com/whj363636/Adversarial-attack-on-Person-ReID-With-Deep-Mis-Ranking,38
175,Lin_Unsupervised_Person_Re-Identification_via_Softened_Similarity_Learning_CVPR_2020_paper,Unsupervised Person Re-Identification via Softened Similarity Learning,Yutian Lin,person-re-identification,quantization,unsupervised-person-re-identification,https://github.com/ryanaleksander/softened-similarity-learning,4
176,Gao_Pose-Guided_Visible_Part_Matching_for_Occluded_Person_ReID_CVPR_2020_paper,Pose-Guided Visible Part Matching for Occluded Person ReID,Shang Gao,graph-matching,person-re-identification,,https://github.com/hh23333/PVPM,39
177,Wang_High-Order_Information_Matters_Learning_Relation_and_Topology_for_Occluded_Person_CVPR_2020_paper,High-Order Information Matters: Learning Relation and Topology for Occluded Person Re-Identification,Guan'an Wang,graph-matching,person-re-identification,,https://github.com/wangguanan/HOReID,37
178,Wang_Orthogonal_Convolutional_Neural_Networks_CVPR_2020_paper,Orthogonal Convolutional Neural Networks,Jiayun Wang,speech-recognition,person-re-identification,,https://github.com/samaonline/Orthogonal-Convolutional-Neural-Networks,21
179,Chen_Norm-Aware_Embedding_for_Efficient_Person_Search_CVPR_2020_paper,Norm-Aware Embedding for Efficient Person Search,Di Chen,human-detection,person-re-identification,person-search,https://github.com/DeanChan/NAE4PS,16
180,Sun_Circle_Loss_A_Unified_Perspective_of_Pair_Similarity_Optimization_CVPR_2020_paper,Circle Loss: A Unified Perspective of Pair Similarity Optimization,Yifan Sun,face-recognition,image-retrieval,person-re-identification,https://github.com/TinyZeaMays/CircleLoss,201
181,Luo_ASLFeat_Learning_Local_Features_of_Accurate_Shape_and_Localization_CVPR_2020_paper,ASLFeat: Learning Local Features of Accurate Shape and Localization,Zixin Luo,face-recognition,image-retrieval,person-re-identification,https://github.com/lzx551402/ASLFeat,83
182,Bai_D3Feat_Joint_Learning_of_Dense_Detection_and_Description_of_3D_CVPR_2020_paper,D3Feat: Joint Learning of Dense Detection and Description of 3D Local Features,Xuyang Bai,face-recognition,image-retrieval,person-re-identification,https://github.com/XuyangBai/D3Feat,78
183,Yu_Weakly_Supervised_Discriminative_Feature_Learning_With_State_Information_for_Person_CVPR_2020_paper,Weakly Supervised Discriminative Feature Learning With State Information for Person Identification,Hong-Xing Yu,face-recognition,person-identification,person-re-identification,https://github.com/KovenYu/state-information,36
184,Sarlin_SuperGlue_Learning_Feature_Matching_With_Graph_Neural_Networks_CVPR_2020_paper,SuperGlue: Learning Feature Matching With Graph Neural Networks,Paul-Edouard Sarlin,domain-adaptation,homography-estimation,interest-point-detection,https://github.com/magicleap/SuperGluePretrainedNetwork,506
185,Cui_Towards_Discriminability_and_Diversity_Batch_Nuclear-Norm_Maximization_Under_Label_Insufficient_CVPR_2020_paper,Towards Discriminability and Diversity: Batch Nuclear-Norm Maximization Under Label Insufficient Situations,Shuhao Cui,domain-adaptation,,,https://github.com/cuishuhao/BNM,155
186,Cui_Gradually_Vanishing_Bridge_for_Adversarial_Domain_Adaptation_CVPR_2020_paper,Gradually Vanishing Bridge for Adversarial Domain Adaptation,Shuhao Cui,domain-adaptation,unsupervised-domain-adaptation,,https://github.com/cuishuhao/GVB,25
187,Fogel_ScrabbleGAN_Semi-Supervised_Varying_Length_Handwritten_Text_Generation_CVPR_2020_paper,ScrabbleGAN: Semi-Supervised Varying Length Handwritten Text Generation,Sharon Fogel,domain-adaptation,handwriting-recognition,optical-character-recognition,https://github.com/amzn/convolutional-handwriting-gan,10
188,Gu_Spherical_Space_Domain_Adaptation_With_Robust_Pseudo-Label_Loss_CVPR_2020_paper,Spherical Space Domain Adaptation With Robust Pseudo-Label Loss,Xiang Gu,domain-adaptation,,,https://github.com/XJTU-XGU/RSDA,4
189,Kundu_Towards_Inheritable_Models_for_Open-Set_Domain_Adaptation_CVPR_2020_paper,Towards Inheritable Models for Open-Set Domain Adaptation,Jogendra Nath Kundu,domain-adaptation,,,https://github.com/val-iisc/inheritune,0
190,Chen_Action_Segmentation_With_Joint_Self-Supervised_Temporal_Domain_Adaptation_CVPR_2020_paper,Action Segmentation With Joint Self-Supervised Temporal Domain Adaptation,Min-Hung Chen,action-segmentation,domain-adaptation,,https://github.com/cmhungsteve/SSTDA,73
191,De_Lange_Unsupervised_Model_Personalization_While_Preserving_Privacy_and_Scalability_An_Open_CVPR_2020_paper,Unsupervised Model Personalization While Preserving Privacy and Scalability: An Open Problem,Matthias De Lange,continual-learning,domain-adaptation,scene-recognition,https://github.com/mattdl/DUA,6
192,Zhou_BBN_Bilateral-Branch_Network_With_Cumulative_Learning_for_Long-Tailed_Visual_Recognition_CVPR_2020_paper,BBN: Bilateral-Branch Network With Cumulative Learning for Long-Tailed Visual Recognition,Boyan Zhou,representation-learning,,,https://github.com/Megvii-Nanjing/BBN,309
193,Yang_Graph-Structured_Referring_Expression_Reasoning_in_the_Wild_CVPR_2020_paper,Graph-Structured Referring Expression Reasoning in the Wild,Sibei Yang,representation-learning,,,https://github.com/sibeiyang/sgmn,58
194,Yao_Video_Playback_Rate_Perception_for_Self-Supervised_Spatio-Temporal_Representation_Learning_CVPR_2020_paper,Video Playback Rate Perception for Self-Supervised Spatio-Temporal Representation Learning,Yuan Yao,representation-learning,video-retrieval,,https://github.com/yuanyao366/PRP,8
195,Pidhorskyi_Adversarial_Latent_Autoencoders_CVPR_2020_paper,Adversarial Latent Autoencoders,Stanislav Pidhorskyi,latent-variable-models,representation-learning,style-transfer,https://github.com/podgorskiy/ALAE,2161
196,Li_Detailed_2D-3D_Joint_Representation_for_Human-Object_Interaction_CVPR_2020_paper,Detailed 2D-3D Joint Representation for Human-Object Interaction,Yong-Lu Li,human-object-interaction-detection,representation-learning,,https://github.com/DirtyHarryLYL/DJ-RN,50
197,Cheng_HigherHRNet_Scale-Aware_Representation_Learning_for_Bottom-Up_Human_Pose_Estimation_CVPR_2020_paper,HigherHRNet: Scale-Aware Representation Learning for Bottom-Up Human Pose Estimation,Bowen Cheng,multi-person-pose-estimation,pose-estimation,representation-learning,https://github.com/HRNet/Higher-HRNet-Human-Pose-Estimation,482
198,Lu_12-in-1_Multi-Task_Vision_and_Language_Representation_Learning_CVPR_2020_paper,12-in-1: Multi-Task Vision and Language Representation Learning,Jiasen Lu,image-retrieval,question-answering,representation-learning,https://github.com/jiasenlu/vilbert_beta,282
199,Rao_Global-Local_Bidirectional_Reasoning_for_Unsupervised_Representation_Learning_of_3D_Point_CVPR_2020_paper,Global-Local Bidirectional Reasoning for Unsupervised Representation Learning of 3D Point Clouds,Yongming Rao,3d-object-classification,object-classification,representation-learning,https://github.com/raoyongming/PointGLR,48
200,Newell_How_Useful_Is_Self-Supervised_Pretraining_for_Visual_Tasks_CVPR_2020_paper,How Useful Is Self-Supervised Pretraining for Visual Tasks?,Alejandro Newell,imitation-learning,monocular-depth-estimation,representation-learning,https://github.com/princeton-vl/selfstudy,30
201,Spencer_DeFeat-Net_General_Monocular_Depth_via_Simultaneous_Unsupervised_Representation_Learning_CVPR_2020_paper,DeFeat-Net: General Monocular Depth via Simultaneous Unsupervised Representation Learning,Jaime Spencer,depth-estimation,monocular-depth-estimation,representation-learning,https://github.com/jspenmar/DeFeat-Net,3
202,Choe_Evaluating_Weakly_Supervised_Object_Localization_Methods_Right_CVPR_2020_paper,Evaluating Weakly Supervised Object Localization Methods Right,Junsuk Choe,few-shot-learning,model-selection,object-localization,https://github.com/clovaai/wsolevaluation,135
203,Yang_DPGN_Distribution_Propagation_Graph_Network_for_Few-Shot_Learning_CVPR_2020_paper,DPGN: Distribution Propagation Graph Network for Few-Shot Learning,Ling Yang,few-shot-learning,meta-learning,,https://github.com/megvii-research/DPGN,54
204,Wang_Semi-Supervised_Learning_for_Few-Shot_Image-to-Image_Translation_CVPR_2020_paper,Semi-Supervised Learning for Few-Shot Image-to-Image Translation,Yaxing Wang,few-shot-learning,image-to-image-translation,object-classification,https://github.com/yaxingwang/SEMIT,23
205,Wang_Instance_Credibility_Inference_for_Few-Shot_Learning_CVPR_2020_paper,Instance Credibility Inference for Few-Shot Learning,Yikai Wang,data-augmentation,few-shot-learning,meta-learning,https://github.com/Yikai-Wang/ICI-FSL,20
206,Rebuffi_There_and_Back_Again_Revisiting_Backpropagation_Saliency_Methods_CVPR_2020_paper,There and Back Again: Revisiting Backpropagation Saliency Methods,Sylvestre-Alvise Rebuffi,meta-learning,,,https://github.com/srebuffi/revisiting_saliency,36
207,Rajasegaran_iTAML_An_Incremental_Task-Agnostic_Meta-learning_Approach_CVPR_2020_paper,iTAML: An Incremental Task-Agnostic Meta-learning Approach,Jathushan Rajasegaran,meta-learning,,,https://github.com/brjathu/iTAML,36
208,Choi_Scene-Adaptive_Video_Frame_Interpolation_via_Meta-Learning_CVPR_2020_paper,Scene-Adaptive Video Frame Interpolation via Meta-Learning,Myungsub Choi,meta-learning,video-frame-interpolation,,https://github.com/myungsub/meta-interpolation,14
209,Zhu_MetaIQA_Deep_Meta-Learning_for_No-Reference_Image_Quality_Assessment_CVPR_2020_paper,MetaIQA: Deep Meta-Learning for No-Reference Image Quality Assessment,Hancheng Zhu,image-quality-assessment,meta-learning,no-reference-image-quality-assessment,https://github.com/zhuhancheng/MetaIQA,9
210,Luo_Learn_to_Augment_Joint_Data_Augmentation_and_Network_Optimization_for_CVPR_2020_paper,Learn to Augment: Joint Data Augmentation and Network Optimization for Text Recognition,Canjie Luo,data-augmentation,image-augmentation,scene-text,https://github.com/Canjie-Luo/Scene-Text-Image-Transformer,240
211,Yoo_Rethinking_Data_Augmentation_for_Image_Super-resolution_A_Comprehensive_Analysis_and_CVPR_2020_paper,Rethinking Data Augmentation for Image Super-resolution: A Comprehensive Analysis and a New Strategy,Jaejun Yoo,data-augmentation,denoising,image-restoration,https://github.com/clovaai/cutblur,157
212,Lin_Visual_Chirality_CVPR_2020_paper,Visual Chirality,Zhiqiu Lin,data-augmentation,image-forensics,self-supervised-learning,https://github.com/linzhiqiu/digital_chirality,4
213,Wang_Lightweight_Photometric_Stereo_for_Facial_Details_Recovery_CVPR_2020_paper,Lightweight Photometric Stereo for Facial Details Recovery,Xueying Wang,3d-face-reconstruction,data-augmentation,face-reconstruction,https://github.com/Juyong/FacePSNet,69
214,Li_Symmetry_and_Group_in_Attribute-Object_Compositions_CVPR_2020_paper,Symmetry and Group in Attribute-Object Compositions,Yong-Lu Li,compositional-zero-shot-learning,zero-shot-learning,,https://github.com/DirtyHarryLYL/SymNet,20
215,Min_Domain-Aware_Visual_Bias_Eliminating_for_Generalized_Zero-Shot_Learning_CVPR_2020_paper,Domain-Aware Visual Bias Eliminating for Generalized Zero-Shot Learning,Shaobo Min,zero-shot-learning,,,https://github.com/mboboGO/DVBE,12
216,Liu_Hyperbolic_Visual_Embedding_Learning_for_Zero-Shot_Recognition_CVPR_2020_paper,Hyperbolic Visual Embedding Learning for Zero-Shot Recognition,Shaoteng Liu,zero-shot-learning,,,https://github.com/ShaoTengLiu/Hyperbolic_ZSL,10
217,Brattoli_Rethinking_Zero-Shot_Video_Classification_End-to-End_Training_for_Realistic_Applications_CVPR_2020_paper,Rethinking Zero-Shot Video Classification: End-to-End Training for Realistic Applications,Biagio Brattoli,video-classification,zero-shot-learning,,https://github.com/bbrattoli/ZeroShotVideoClassification,59
218,Han_Learning_the_Redundancy-Free_Features_for_Generalized_Zero-Shot_Object_Recognition_CVPR_2020_paper,Learning the Redundancy-Free Features for Generalized Zero-Shot Object Recognition,Zongyan Han,object-recognition,zero-shot-learning,,https://github.com/Hanzy1996/RRF-GZSL,3
219,Wang_Discovering_Human_Interactions_With_Novel_Objects_via_Zero-Shot_Learning_CVPR_2020_paper,Discovering Human Interactions With Novel Objects via Zero-Shot Learning,Suchen Wang,human-object-interaction-detection,region-proposal,zero-shot-learning,https://github.com/scwangdyd/zero_shot_hoi,10
220,Long_Searching_for_Actions_on_the_Hyperbole_CVPR_2020_paper,Searching for Actions on the Hyperbole,Teng Long,action-recognition-in-videos,video-retrieval,zero-shot-learning,https://github.com/Tenglon/hyperbolic_action,1
221,Ho_Exploit_Clues_From_Views_Self-Supervised_and_Regularized_Learning_for_Multiview_CVPR_2020_paper,Exploit Clues From Views: Self-Supervised and Regularized Learning for Multiview Object Recognition,Chih-Hui Ho,object-recognition,self-supervised-learning,,https://github.com/chihhuiho/VISPE,5
222,Zhang_Putting_Visual_Object_Recognition_in_Context_CVPR_2020_paper,Putting Visual Object Recognition in Context,Mengmi Zhang,object-recognition,,,https://github.com/kreimanlab/Put-In-Context,0
223,Zhuang_Unsupervised_Learning_From_Video_With_Deep_Neural_Embeddings_CVPR_2020_paper,Unsupervised Learning From Video With Deep Neural Embeddings,Chengxu Zhuang,object-recognition,,,https://github.com/Chrisackerman1/Unsupervised-Learning-from-Video-with-Deep-Neural-Embeddings,0
224,Wang_ContourNet_Taking_a_Further_Step_Toward_Accurate_Arbitrary-Shaped_Scene_Text_CVPR_2020_paper,ContourNet: Taking a Further Step Toward Accurate Arbitrary-Shaped Scene Text Detection,Yuxin Wang,region-proposal,scene-text,scene-text-detection,https://github.com/wangyuxin87/ContourNet,75
225,Huang_Universal_Physical_Camouflage_Attacks_on_Object_Detectors_CVPR_2020_paper,Universal Physical Camouflage Attacks on Object Detectors,Lifeng Huang,region-proposal,,,https://github.com/mesunhlf/UPC-tf,7
226,Zhang_Fusion-Aware_Point_Convolution_for_Online_Semantic_3D_Scene_Segmentation_CVPR_2020_paper,Fusion-Aware Point Convolution for Online Semantic 3D Scene Segmentation,Jiazhao Zhang,scene-segmentation,,,https://github.com/jzhzhang/FusionAwareConv,28
227,Lin_FPConv_Learning_Local_Flattening_for_Point_Convolution_CVPR_2020_paper,FPConv: Learning Local Flattening for Point Convolution,Yiqun Lin,3d-object-classification,object-classification,scene-segmentation,https://github.com/lyqun/FPConv,66
228,Wang_Collaborative_Distillation_for_Ultra-Resolution_Universal_Style_Transfer_CVPR_2020_paper,Collaborative Distillation for Ultra-Resolution Universal Style Transfer,Huan Wang,style-transfer,,,https://github.com/mingsun-tse/collaborative-distillation,53
229,Wang_Neural_Pose_Transfer_by_Spatially_Adaptive_Instance_Normalization_CVPR_2020_paper,Neural Pose Transfer by Spatially Adaptive Instance Normalization,Jiashun Wang,pose-transfer,style-transfer,,https://github.com/jiashunwang/Neural-Pose-Transfer,73
230,Wang_Diversified_Arbitrary_Style_Transfer_via_Deep_Feature_Perturbation_CVPR_2020_paper,Diversified Arbitrary Style Transfer via Deep Feature Perturbation,Zhizhong Wang,image-reconstruction,style-transfer,,https://github.com/EndyWon/Deep-Feature-Perturbation,8
231,Abdal_Image2StyleGAN_How_to_Edit_the_Embedded_Images_CVPR_2020_paper,Image2StyleGAN++: How to Edit the Embedded Images?,Rameen Abdal,image-inpainting,image-reconstruction,style-transfer,https://github.com/pacifinapacific/StyleGAN_LatentEditor,56
232,Weyand_Google_Landmarks_Dataset_v2_-_A_Large-Scale_Benchmark_for_Instance-Level_CVPR_2020_paper,Google Landmarks Dataset v2 - A Large-Scale Benchmark for Instance-Level Recognition and Retrieval,Tobias Weyand,image-retrieval,transfer-learning,,https://github.com/tensorflow/models/tree/master/research/delf,64576
233,Li_PaStaNet_Toward_Human_Activity_Knowledge_Engine_CVPR_2020_paper,PaStaNet: Toward Human Activity Knowledge Engine,Yong-Lu Li,human-object-interaction-detection,transfer-learning,,https://github.com/DirtyHarryLYL/HAKE,79
234,Kim_Transfer_Learning_From_Synthetic_to_Real-Noise_Denoising_With_Adaptive_Instance_CVPR_2020_paper,Transfer Learning From Synthetic to Real-Noise Denoising With Adaptive Instance Normalization,Yoonsik Kim,denoising,transfer-learning,,https://github.com/terryoo/AINDNet,25
235,Yin_Dreaming_to_Distill_Data-Free_Knowledge_Transfer_via_DeepInversion_CVPR_2020_paper,Dreaming to Distill: Data-Free Knowledge Transfer via DeepInversion,Hongxu Yin,continual-learning,network-pruning,transfer-learning,https://github.com/NVlabs/DeepInversion,136
236,Yasarla_Syn2Real_Transfer_Learning_for_Image_Deraining_Using_Gaussian_Processes_CVPR_2020_paper,Syn2Real Transfer Learning for Image Deraining Using Gaussian Processes,Rajeev Yasarla,gaussian-processes,rain-removal,transfer-learning,https://github.com/rajeevyasarla/Syn2Real,21
237,Zhou_Interactive_Two-Stream_Decoder_for_Accurate_and_Fast_Saliency_Detection_CVPR_2020_paper,Interactive Two-Stream Decoder for Accurate and Fast Saliency Detection,Huajun Zhou,saliency-detection,,,https://github.com/moothes/ITSD-pytorch,15
238,Liu_Learning_Selective_Self-Mutual_Attention_for_RGB-D_Saliency_Detection_CVPR_2020_paper,Learning Selective Self-Mutual Attention for RGB-D Saliency Detection,Nian Liu,saliency-detection,,,https://github.com/nnizhang/S2MA,4
239,Huang_Adversarial_Texture_Optimization_From_RGB-D_Scans_CVPR_2020_paper,Adversarial Texture Optimization From RGB-D Scans,Jingwei Huang,texture-synthesis,,,https://github.com/hjwdzh/AdversarialTexture,91
240,Gui_FeatureFlow_Robust_Video_Interpolation_via_Structure-to-Texture_Generation_CVPR_2020_paper,FeatureFlow: Robust Video Interpolation via Structure-to-Texture Generation,Shurui Gui,optical-flow-estimation,texture-synthesis,,https://github.com/CM-BF/FeatureFlow,51
241,Verbin_Toward_a_Universal_Model_for_Shape_From_Texture_CVPR_2020_paper,Toward a Universal Model for Shape From Texture,Dor Verbin,shape-from-texture,texture-synthesis,,https://github.com/dorverbin/shapefromtexture,3
242,He_Momentum_Contrast_for_Unsupervised_Visual_Representation_Learning_CVPR_2020_paper,Momentum Contrast for Unsupervised Visual Representation Learning,Kaiming He,contrastive-learning,object-classification,self-supervised-action-recognition,https://github.com/facebookresearch/moco,1125
243,Zisselman_Deep_Residual_Flow_for_Out_of_Distribution_Detection_CVPR_2020_paper,Deep Residual Flow for Out of Distribution Detection,Ev Zisselman,out-of-distribution-detection,,,https://github.com/EvZissel/Residual-Flow,12
244,Wang_A_Model-Driven_Deep_Neural_Network_for_Single_Image_Rain_Removal_CVPR_2020_paper,A Model-Driven Deep Neural Network for Single Image Rain Removal,Hong Wang,dictionary-learning,rain-removal,single-image-deraining,https://github.com/hongwang01/RCDNet,20
245,Ribeiro_Sketchformer_Transformer-Based_Representation_for_Sketched_Structure_CVPR_2020_paper,Sketchformer: Transformer-Based Representation for Sketched Structure,Leo Sampaio Ferraz Ribeiro,dictionary-learning,image-retrieval,sketch-based-image-retrieval,https://github.com/leosampaio/sketchformer,3
246,Garnot_Satellite_Image_Time_Series_Classification_With_Pixel-Set_Encoders_and_Temporal_CVPR_2020_paper,Satellite Image Time Series Classification With Pixel-Set Encoders and Temporal Self-Attention,Vivien Sainte Fare Garnot,time-series,time-series-classification,,https://github.com/VSainteuf/psetae,21
247,Xu_Learning_in_the_Frequency_Domain_CVPR_2020_paper,Learning in the Frequency Domain,Kai Xu,multiple-instance-learning,time-series,time-series-classification,https://github.com/calmevtime1990/supp,144
248,Chong_Detecting_Attended_Visual_Targets_in_Video_CVPR_2020_paper,Detecting Attended Visual Targets in Video,Eunji Chong,deep-attention,,,https://github.com/ejcgt/attention-target-detection,42
249,Guo_Learning_Meta_Face_Recognition_in_Unseen_Domains_CVPR_2020_paper,Learning Meta Face Recognition in Unseen Domains,Jianzhu Guo,domain-generalization,face-anti-spoofing,face-recognition,https://github.com/cleardusk/MFR,79
250,Jia_Single-Side_Domain_Generalization_for_Face_Anti-Spoofing_CVPR_2020_paper,Single-Side Domain Generalization for Face Anti-Spoofing,Yunpei Jia,domain-generalization,face-anti-spoofing,,https://github.com/taylover-pei/SSDG-CVPR2020,35
251,Moran_DeepLPF_Deep_Local_Parametric_Filters_for_Image_Enhancement_CVPR_2020_paper,DeepLPF: Deep Local Parametric Filters for Image Enhancement,Sean Moran,image-enhancement,,,https://github.com/sjmoran/deep_local_parametric_filters,34
252,Guo_Zero-Reference_Deep_Curve_Estimation_for_Low-Light_Image_Enhancement_CVPR_2020_paper,Zero-Reference Deep Curve Estimation for Low-Light Image Enhancement,Chunle Guo,face-detection,image-enhancement,low-light-image-enhancement,https://github.com/Li-Chongyi/Zero-DCE,49
253,Cioppa_A_Context-Aware_Loss_Function_for_Action_Spotting_in_Soccer_Videos_CVPR_2020_paper,A Context-Aware Loss Function for Action Spotting in Soccer Videos,Anthony Cioppa,action-classification,action-detection,action-spotting,https://github.com/cioppaanthony/context-aware-loss,8
254,Zaheer_Old_Is_Gold_Redefining_the_Adversarially_Learned_One-Class_Classifier_Training_CVPR_2020_paper,Old Is Gold: Redefining the Adversarially Learned One-Class Classifier Training Paradigm,Muhammad Zaigham Zaheer,anomaly-detection,one-class-classifier,,https://github.com/xaggi/OGNet,5
255,Xu_G-TAD_Sub-Graph_Localization_for_Temporal_Action_Detection_CVPR_2020_paper,G-TAD: Sub-Graph Localization for Temporal Action Detection,Mengmeng Xu,action-detection,action-recognition,temporal-action-proposal-generation,https://github.com/Frostinassiky/gtad,46
256,Wang_Instance_Shadow_Detection_CVPR_2020_paper,Instance Shadow Detection,Tianyu Wang,shadow-detection,,,https://github.com/stevewongv/InstanceShadowDetection,22
257,Sun_Conditional_Gaussian_Distribution_Learning_for_Open_Set_Recognition_CVPR_2020_paper,Conditional Gaussian Distribution Learning for Open Set Recognition,Xin Sun,open-set-learning,,,https://github.com/BraveGump/CGDL-for-Open-Set-Recognition,21
258,Liu_Disentangling_and_Unifying_Graph_Convolutions_for_Skeleton-Based_Action_Recognition_CVPR_2020_paper,Disentangling and Unifying Graph Convolutions for Skeleton-Based Action Recognition,Ziyu Liu,stochastic-optimization,,,https://github.com/kenziyuliu/ms-g3d,98
259,Li_Single_Image_Reflection_Removal_Through_Cascaded_Refinement_CVPR_2020_paper,Single Image Reflection Removal Through Cascaded Refinement,Chao Li,community-detection,,,https://github.com/JHL-HUST/IBCLN,10
260,Hernandez-Juarez_A_Multi-Hypothesis_Approach_to_Color_Constancy_CVPR_2020_paper,A Multi-Hypothesis Approach to Color Constancy,Daniel Hernandez-Juarez,color-constancy,,,https://github.com/huawei-noah/multi_hyp_cc,12
261,Wang_High-Frequency_Component_Helps_Explain_the_Generalization_of_Convolutional_Neural_Networks_CVPR_2020_paper,High-Frequency Component Helps Explain the Generalization of Convolutional Neural Networks,Haohan Wang,adversarial-attack,,,https://github.com/HaohanWang/HFC,37
262,Yan_Cooling-Shrinking_Attack_Blinding_the_Tracker_With_Imperceptible_Noises_CVPR_2020_paper,Cooling-Shrinking Attack: Blinding the Tracker With Imperceptible Noises,Bin Yan,adversarial-attack,,,https://github.com/MasterBin-IIAU/CSA,22
263,Shamsabadi_ColorFool_Semantic_Adversarial_Colorization_CVPR_2020_paper,ColorFool: Semantic Adversarial Colorization,Ali Shahin Shamsabadi,adversarial-attack,colorization,denoising,https://github.com/smartcameras/ColorFool,4
264,He_Defending_and_Harnessing_the_Bit-Flip_Based_Adversarial_Weight_Attack_CVPR_2020_paper,Defending and Harnessing the Bit-Flip Based Adversarial Weight Attack,Zhezhi He,adversarial-attack,,,https://github.com/elliothe/BFA,4
265,Prakash_Exploring_Data_Aggregation_in_Policy_Learning_for_Vision-Based_Urban_Autonomous_CVPR_2020_paper,Exploring Data Aggregation in Policy Learning for Vision-Based Urban Autonomous Driving,Aditya Prakash,imitation-learning,,,https://github.com/autonomousvision/data_aggregation,12
266,Corneanu_Computing_the_Testing_Error_Without_a_Testing_Set_CVPR_2020_paper,Computing the Testing Error Without a Testing Set,Ciprian A. Corneanu,causal-discovery,model-selection,,https://github.com/cipriancorneanu/dnn-topology,23
267,Jeddi_Learn2Perturb_An_End-to-End_Feature_Perturbation_Learning_to_Improve_Adversarial_Robustness_CVPR_2020_paper,Learn2Perturb: An End-to-End Feature Perturbation Learning to Improve Adversarial Robustness,Ahmadreza Jeddi,adversarial-defense,,,https://github.com/Ahmadreza-Jeddi/Learn2Perturb,4
268,Borkar_Defending_Against_Universal_Attacks_Through_Selective_Feature_Regeneration_CVPR_2020_paper,Defending Against Universal Attacks Through Selective Feature Regeneration,Tejas Borkar,adversarial-defense,,,https://github.com/tsborkar/Selective-feature-regeneration,1
269,Cai_Rethinking_Differentiable_Search_for_Mixed-Precision_Neural_Networks_CVPR_2020_paper,Rethinking Differentiable Search for Mixed-Precision Neural Networks,Zhaowei Cai,combinatorial-optimization,,,https://github.com/zhaoweicai/EdMIPS,18
